Wk,Day,Date,Time,Home,xG,Score,xG.1,Away,Attendance,Venue,Referee,Match Report,Notes,Match Report URL
1.0,Fri,2025-08-15,20:00,Liverpool,2.2,4–2,1.7,Bournemouth,60315.0,Anfield,Anthony Taylor,Match Report,,
1.0,Sat,2025-08-16,12:30,Aston Villa,0.2,0–0,1.4,Newcastle Utd,42526.0,Villa Park,Craig Pawson,Match Report,,
1.0,Sat,2025-08-16,15:00,Sunderland,0.7,3–0,0.6,West Ham,46233.0,Stadium of Light,Robert Jones,Match Report,,
1.0,Sat,2025-08-16,15:00,Brighton,1.5,1–1,0.7,Fulham,31478.0,The American Express Stadium,Samuel Barrott,Match Report,,
1.0,Sat,2025-08-16,15:00,Tottenham,2.3,3–0,0.9,Burnley,61077.0,Tottenham Hotspur Stadium,Michael Oliver,Match Report,https://fbref.com/en/matches/a071faa8/Liverpool-Bournemouth-August-15-2025-Premier-League,
1.0,Sat,2025-08-16,17:30,Wolves,0.6,0–4,2.4,Manchester City,31456.0,Molineux Stadium,Jarred Gillett,Match Report,,
1.0,Sun,2025-08-17,14:00,Chelsea,1.6,0–0,0.6,Crystal Palace,39678.0,Stamford Bridge,Darren England,Match Report,,
1.0,Sun,2025-08-17,14:00,Nott'ham Forest,1.8,3–1,1.4,Brentford,29949.0,The City Ground,Peter Bankes,Match Report,,
1.0,Sun,2025-08-17,16:30,Manchester Utd,1.5,0–1,1.3,Arsenal,73475.0,Old Trafford,Simon Hooper,Match Report,,
1.0,Mon,2025-08-18,20:00,Leeds United,2.0,1–0,0.8,Everton,36820.0,Elland Road,Chris Kavanagh,Match Report,https://fbref.com/en/matches/bbdf4739/Aston-Villa-Newcastle-United-August-16-2025-Premier-League,
2.0,Fri,2025-08-22,20:00,West Ham,0.7,1–5,2.7,Chelsea,62462.0,London Stadium,Michael Oliver,Match Report,,
2.0,Sat,2025-08-23,12:30,Manchester City,1.6,0–2,1.1,Tottenham,51785.0,Etihad Stadium,Peter Bankes,Match Report,,
2.0,Sat,2025-08-23,15:00,Bournemouth,1.3,1–0,0.5,Wolves,11070.0,Vitality Stadium,Thomas Bramall,Match Report,,
2.0,Sat,2025-08-23,15:00,Brentford,1.2,1–0,1.2,Aston Villa,16838.0,Gtech Community Stadium,Tony Harrington,Match Report,https://fbref.com/en/matches/e1058522/Sunderland-West-Ham-United-August-16-2025-Premier-League,
2.0,Sat,2025-08-23,15:00,Burnley,1.0,2–0,0.8,Sunderland,21285.0,Turf Moor,Michael Salisbury,Match Report,,
2.0,Sat,2025-08-23,17:30,Arsenal,2.7,5–0,0.2,Leeds United,60110.0,Emirates Stadium,Jarred Gillett,Match Report,,
2.0,Sun,2025-08-24,14:00,Crystal Palace,1.1,1–1,0.9,Nott'ham Forest,24876.0,Selhurst Park,Anthony Taylor,Match Report,,
2.0,Sun,2025-08-24,14:00,Everton,1.6,2–0,2.4,Brighton,51759.0,Hill Dickinson Stadium,Stuart Attwell,Match Report,,
2.0,Sun,2025-08-24,16:30,Fulham,1.7,1–1,1.6,Manchester Utd,27512.0,Craven Cottage,Chris Kavanagh,Match Report,https://fbref.com/en/matches/57c49bae/Brighton-and-Hove-Albion-Fulham-August-16-2025-Premier-League,
2.0,Mon,2025-08-25,20:00,Newcastle Utd,1.0,2–3,0.7,Liverpool,52230.0,St James' Park,Simon Hooper,Match Report,,
3.0,Sat,2025-08-30,12:30,Chelsea,2.1,2–0,0.9,Fulham,39745.0,Stamford Bridge,Robert Jones,Match Report,,
3.0,Sat,2025-08-30,15:00,Wolves,1.1,2–3,1.9,Everton,30271.0,Molineux Stadium,Michael Oliver,Match Report,,
3.0,Sat,2025-08-30,15:00,Manchester Utd,3.6,3–2,1.2,Burnley,74257.0,Old Trafford,Samuel Barrott,Match Report,https://fbref.com/en/matches/d41bb8b3/Tottenham-Hotspur-Burnley-August-16-2025-Premier-League,
3.0,Sat,2025-08-30,15:00,Sunderland,1.5,2–1,1.2,Brentford,46267.0,Stadium of Light,Anthony Taylor,Match Report,,
3.0,Sat,2025-08-30,15:00,Tottenham,0.2,0–1,1.5,Bournemouth,61250.0,Tottenham Hotspur Stadium,Simon Hooper,Match Report,,
3.0,Sat,2025-08-30,17:30,Leeds United,0.7,0–0,0.5,Newcastle Utd,36727.0,Elland Road,Peter Bankes,Match Report,,
3.0,Sun,2025-08-31,14:00,Nott'ham Forest,0.7,0–3,2.4,West Ham,30215.0,The City Ground,Craig Pawson,Match Report,,
3.0,Sun,2025-08-31,14:00,Brighton,2.2,2–1,1.8,Manchester City,31485.0,The American Express Stadium,Darren England,Match Report,https://fbref.com/en/matches/8613020d/Wolverhampton-Wanderers-Manchester-City-August-16-2025-Premier-League,
3.0,Sun,2025-08-31,16:30,Liverpool,0.5,1–0,0.5,Arsenal,60455.0,Anfield,Chris Kavanagh,Match Report,,
3.0,Sun,2025-08-31,19:00,Aston Villa,1.1,0–3,2.6,Crystal Palace,41036.0,Villa Park,Stuart Attwell,Match Report,,
4.0,Sat,2025-09-13,12:30,Arsenal,1.8,3–0,0.2,Nott'ham Forest,60167.0,Emirates Stadium,Darren England,Match Report,,
4.0,Sat,2025-09-13,15:00,Newcastle Utd,1.5,1–0,0.5,Wolves,52145.0,St James' Park,Chris Kavanagh,Match Report,https://fbref.com/en/matches/2185fc64/Chelsea-Crystal-Palace-August-17-2025-Premier-League,
4.0,Sat,2025-09-13,15:00,Fulham,0.9,1–0,0.8,Leeds United,27327.0,Craven Cottage,Craig Pawson,Match Report,,
4.0,Sat,2025-09-13,15:00,Crystal Palace,1.8,0–0,0.4,Sunderland,25154.0,Selhurst Park,Thomas Bramall,Match Report,,
4.0,Sat,2025-09-13,15:00,Everton,2.0,0–0,0.4,Aston Villa,52114.0,Hill Dickinson Stadium,Simon Hooper,Match Report,,
4.0,Sat,2025-09-13,15:00,Bournemouth,1.4,2–1,0.6,Brighton,11167.0,Vitality Stadium,Peter Bankes,Match Report,,
4.0,Sat,2025-09-13,17:30,West Ham,0.6,0–3,1.3,Tottenham,62459.0,London Stadium,Jarred Gillett,Match Report,https://fbref.com/en/matches/855f8b5e/Nottingham-Forest-Brentford-August-17-2025-Premier-League,
4.0,Sat,2025-09-13,20:00,Brentford,1.4,2–2,1.3,Chelsea,16795.0,Gtech Community Stadium,Stuart Attwell,Match Report,,
4.0,Sun,2025-09-14,14:00,Burnley,0.1,0–1,2.6,Liverpool,21678.0,Turf Moor,Michael Oliver,Match Report,,
4.0,Sun,2025-09-14,16:30,Manchester City,2.7,3–0,1.2,Manchester Utd,52534.0,Etihad Stadium,Anthony Taylor,Match Report,,
5.0,Sat,2025-09-20,12:30,Liverpool,0.9,2–1,0.7,Everton,60342.0,Anfield,Darren England,Match Report,https://fbref.com/en/matches/643d26fd/Manchester-United-Arsenal-August-17-2025-Premier-League,
5.0,Sat,2025-09-20,15:00,Wolves,1.8,1–3,0.5,Leeds United,30807.0,Molineux Stadium,Anthony Taylor,Match Report,,
5.0,Sat,2025-09-20,15:00,Brighton,1.3,2–2,1.2,Tottenham,31488.0,The American Express Stadium,Chris Kavanagh,Match Report,,
5.0,Sat,2025-09-20,15:00,Burnley,0.9,1–1,1.1,Nott'ham Forest,21475.0,Turf Moor,Thomas Bramall,Match Report,,
5.0,Sat,2025-09-20,15:00,West Ham,0.6,1–2,2.1,Crystal Palace,62455.0,London Stadium,Tony Harrington,Match Report,,
5.0,Sat,2025-09-20,17:30,Manchester Utd,1.8,2–1,0.4,Chelsea,74124.0,Old Trafford,Peter Bankes,Match Report,https://fbref.com/en/matches/0701e218/Leeds-United-Everton-August-18-2025-Premier-League,
5.0,Sat,2025-09-20,20:00,Fulham,1.0,3–1,0.6,Brentford,26113.0,Craven Cottage,Michael Oliver,Match Report,,
5.0,Sun,2025-09-21,14:00,Bournemouth,0.5,0–0,0.2,Newcastle Utd,11212.0,Vitality Stadium,Robert Jones,Match Report,,
5.0,Sun,2025-09-21,14:00,Sunderland,1.0,1–1,0.8,Aston Villa,46261.0,Stadium of Light,Samuel Barrott,Match Report,,
5.0,Sun,2025-09-21,16:30,Arsenal,0.9,1–1,0.9,Manchester City,60161.0,Emirates Stadium,Stuart Attwell,Match Report,,
6.0,Sat,2025-09-27,12:30,Brentford,1.9,3–1,2.1,Manchester Utd,17193.0,Gtech Community Stadium,Craig Pawson,Match Report,,
6.0,Sat,2025-09-27,15:00,Crystal Palace,2.9,2–1,2.1,Liverpool,25118.0,Selhurst Park,Chris Kavanagh,Match Report,,
6.0,Sat,2025-09-27,15:00,Manchester City,2.0,5–1,0.4,Burnley,52427.0,Etihad Stadium,Robert Jones,Match Report,,
6.0,Sat,2025-09-27,15:00,Chelsea,1.8,1–3,2.3,Brighton,39597.0,Stamford Bridge,Simon Hooper,Match Report,,
6.0,Sat,2025-09-27,15:00,Leeds United,1.8,2–2,0.7,Bournemouth,36574.0,Elland Road,Michael Oliver,Match Report,https://fbref.com/en/matches/f7e2c9c7/Manchester-City-Tottenham-Hotspur-August-23-2025-Premier-League,
6.0,Sat,2025-09-27,17:30,Nott'ham Forest,1.6,0–1,1.6,Sunderland,30226.0,The City Ground,Tony Harrington,Match Report,,
6.0,Sat,2025-09-27,20:00,Tottenham,0.8,1–1,1.1,Wolves,60537.0,Tottenham Hotspur Stadium,Michael Salisbury,Match Report,,
6.0,Sun,2025-09-28,14:00,Aston Villa,1.1,3–1,1.1,Fulham,40350.0,Villa Park,Andy Madley,Match Report,,
6.0,Sun,2025-09-28,16:30,Newcastle Utd,0.6,1–2,2.0,Arsenal,52199.0,St James' Park,Jarred Gillett,Match Report,,
6.0,Mon,2025-09-29,20:00,Everton,0.7,1–1,1.2,West Ham,51890.0,Hill Dickinson Stadium,Samuel Barrott,Match Report,https://fbref.com/en/matches/a515fb3a/Bournemouth-Wolverhampton-Wanderers-August-23-2025-Premier-League,
7.0,Fri,2025-10-03,20:00,Bournemouth,1.2,3–1,0.9,Fulham,11165.0,Vitality Stadium,Simon Hooper,Match Report,,
7.0,Sat,2025-10-04,12:30,Leeds United,1.7,1–2,0.6,Tottenham,36703.0,Elland Road,Thomas Bramall,Match Report,,
7.0,Sat,2025-10-04,15:00,Arsenal,2.8,2–0,0.4,West Ham,60181.0,Emirates Stadium,John Brooks,Match Report,,
7.0,Sat,2025-10-04,15:00,Manchester Utd,1.8,2–0,0.7,Sunderland,74004.0,Old Trafford,Stuart Attwell,Match Report,https://fbref.com/en/matches/860c7af2/Brentford-Aston-Villa-August-23-2025-Premier-League,
7.0,Sat,2025-10-04,17:30,Chelsea,1.0,2–1,1.9,Liverpool,39538.0,Stamford Bridge,Anthony Taylor,Match Report,,
7.0,Sun,2025-10-05,14:00,Wolves,0.6,1–1,0.9,Brighton,29504.0,Molineux Stadium,Jarred Gillett,Match Report,,
7.0,Sun,2025-10-05,14:00,Everton,2.0,2–1,1.5,Crystal Palace,51770.0,Hill Dickinson Stadium,Michael Salisbury,Match Report,,
7.0,Sun,2025-10-05,14:00,Aston Villa,1.1,2–1,0.4,Burnley,40308.0,Villa Park,Andrew Kitchen,Match Report,,
7.0,Sun,2025-10-05,14:00,Newcastle Utd,3.2,2–0,0.2,Nott'ham Forest,52189.0,St James' Park,Peter Bankes,Match Report,https://fbref.com/en/matches/4e287736/Burnley-Sunderland-August-23-2025-Premier-League,
7.0,Sun,2025-10-05,16:30,Brentford,0.7,0–1,0.8,Manchester City,17028.0,Gtech Community Stadium,Darren England,Match Report,,
8.0,Sat,2025-10-18,12:30,Nott'ham Forest,2.2,0–3,1.7,Chelsea,30495.0,The City Ground,Chris Kavanagh,Match Report,,
8.0,Sat,2025-10-18,15:00,Sunderland,0.6,2–0,0.8,Wolves,46578.0,Stadium of Light,Robert Jones,Match Report,,
8.0,Sat,2025-10-18,15:00,Burnley,0.5,2–0,2.4,Leeds United,21646.0,Turf Moor,Tim Robinson,Match Report,https://fbref.com/en/matches/e8724659/Arsenal-Leeds-United-August-23-2025-Premier-League,
8.0,Sat,2025-10-18,15:00,Brighton,0.9,2–1,1.4,Newcastle Utd,31620.0,The American Express Stadium,Craig Pawson,Match Report,,
8.0,Sat,2025-10-18,15:00,Crystal Palace,4.4,3–3,2.0,Bournemouth,25125.0,Selhurst Park,Jarred Gillett,Match Report,,
8.0,Sat,2025-10-18,15:00,Manchester City,2.3,2–0,1.1,Everton,52498.0,Etihad Stadium,Tony Harrington,Match Report,,
8.0,Sat,2025-10-18,17:30,Fulham,0.4,0–1,1.8,Arsenal,27736.0,Craven Cottage,Anthony Taylor,Match Report,,
8.0,Sun,2025-10-19,14:00,Tottenham,0.9,1–2,0.3,Aston Villa,61291.0,Tottenham Hotspur Stadium,Simon Hooper,Match Report,https://fbref.com/en/matches/a3984be1/Crystal-Palace-Nottingham-Forest-August-24-2025-Premier-League,
8.0,Sun,2025-10-19,16:30,Liverpool,2.6,1–2,1.3,Manchester Utd,60337.0,Anfield,Michael Oliver,Match Report,,
8.0,Mon,2025-10-20,20:00,West Ham,0.4,0–2,2.3,Brentford,62452.0,London Stadium,Andy Madley,Match Report,,
9.0,Fri,2025-10-24,20:00,Leeds United,1.5,2–1,0.6,West Ham,36788.0,Elland Road,Stuart Attwell,Match Report,,
9.0,Sat,2025-10-25,15:00,Newcastle Utd,2.1,2–1,1.3,Fulham,52152.0,St James' Park,Peter Bankes,Match Report,https://fbref.com/en/matches/0bad74e2/Everton-Brighton-and-Hove-Albion-August-24-2025-Premier-League,
9.0,Sat,2025-10-25,15:00,Chelsea,0.9,1–2,1.2,Sunderland,39489.0,Stamford Bridge,Andy Madley,Match Report,,
9.0,Sat,2025-10-25,17:30,Manchester Utd,1.3,4–2,1.1,Brighton,74124.0,Old Trafford,Anthony Taylor,Match Report,,
9.0,Sat,2025-10-25,20:00,Brentford,2.7,3–2,2.2,Liverpool,17214.0,Gtech Community Stadium,Simon Hooper,Match Report,,
9.0,Sun,2025-10-26,14:00,Arsenal,0.9,1–0,0.5,Crystal Palace,60103.0,Emirates Stadium,Thomas Bramall,Match Report,,
9.0,Sun,2025-10-26,14:00,Aston Villa,0.8,1–0,1.2,Manchester City,41988.0,Villa Park,Michael Oliver,Match Report,https://fbref.com/en/matches/fc45a8b2/Fulham-Manchester-United-August-24-2025-Premier-League,
9.0,Sun,2025-10-26,14:00,Wolves,2.3,2–3,1.4,Burnley,29116.0,Molineux Stadium,Tony Harrington,Match Report,,
9.0,Sun,2025-10-26,14:00,Bournemouth,0.6,2–0,0.4,Nott'ham Forest,11204.0,Vitality Stadium,Samuel Barrott,Match Report,,
9.0,Sun,2025-10-26,16:30,Everton,1.7,0–3,1.7,Tottenham,51781.0,Hill Dickinson Stadium,Craig Pawson,Match Report,,
10.0,Sat,2025-11-01,15:00,Crystal Palace,0.7,2–0,0.5,Brentford,25083.0,Selhurst Park,Peter Bankes,Match Report,https://fbref.com/en/matches/2c75d21a/Newcastle-United-Liverpool-August-25-2025-Premier-League,
10.0,Sat,2025-11-01,15:00,Nott'ham Forest,1.9,2–2,1.2,Manchester Utd,30778.0,The City Ground,Darren England,Match Report,,
10.0,Sat,2025-11-01,15:00,Fulham,1.3,3–0,0.2,Wolves,26413.0,Craven Cottage,John Brooks,Match Report,,
10.0,Sat,2025-11-01,15:00,Burnley,0.4,0–2,2.3,Arsenal,21538.0,Turf Moor,Chris Kavanagh,Match Report,,
10.0,Sat,2025-11-01,15:00,Brighton,3.0,3–0,0.5,Leeds United,31512.0,The American Express Stadium,Michael Oliver,Match Report,,
10.0,Sat,2025-11-01,17:30,Tottenham,0.1,0–1,3.7,Chelsea,61202.0,Tottenham Hotspur Stadium,Jarred Gillett,Match Report,https://fbref.com/en/matches/2dbd7fbd/Chelsea-Fulham-August-30-2025-Premier-League,
10.0,Sat,2025-11-01,20:00,Liverpool,1.2,2–0,0.4,Aston Villa,60407.0,Anfield,Stuart Attwell,Match Report,,
10.0,Sun,2025-11-02,14:00,West Ham,1.7,3–1,0.5,Newcastle Utd,62441.0,London Stadium,Robert Jones,Match Report,,
10.0,Sun,2025-11-02,16:30,Manchester City,2.2,3–1,0.6,Bournemouth,52387.0,Etihad Stadium,Anthony Taylor,Match Report,,
10.0,Mon,2025-11-03,20:00,Sunderland,1.2,1–1,0.9,Everton,Stadium of Light,Thomas Bramall,Match Report,,,
11.0,Sat,2025-11-08,12:30,Tottenham,Manchester Utd,Tottenham Hotspur Stadium,Head-to-Head,,,,,,,
11.0,Sat,2025-11-08,15:00,West Ham,Burnley,London Stadium,Head-to-Head,,,,,,,
11.0,Sat,2025-11-08,15:00,Everton,Fulham,Hill Dickinson Stadium,Head-to-Head,,,,,,,
11.0,Sat,2025-11-08,17:30,Sunderland,Arsenal,Stadium of Light,Head-to-Head,,,,,,,
11.0,Sat,2025-11-08,20:00,Chelsea,Wolves,Stamford Bridge,Head-to-Head,https://fbref.com/en/matches/0050df89/Manchester-United-Burnley-August-30-2025-Premier-League,,,,,,
11.0,Sun,2025-11-09,14:00,Aston Villa,Bournemouth,Villa Park,Head-to-Head,,,,,,,
11.0,Sun,2025-11-09,14:00,Nott'ham Forest,Leeds United,The City Ground,Head-to-Head,,,,,,,
11.0,Sun,2025-11-09,14:00,Crystal Palace,Brighton,Selhurst Park,Head-to-Head,,,,,,,
11.0,Sun,2025-11-09,14:00,Brentford,Newcastle Utd,Gtech Community Stadium,Head-to-Head,,,,,,,
11.0,Sun,2025-11-09,16:30,Manchester City,Liverpool,Etihad Stadium,Head-to-Head,https://fbref.com/en/matches/f03152d1/Sunderland-Brentford-August-30-2025-Premier-League,,,,,,
12.0,Sat,2025-11-22,12:30,Burnley,Chelsea,Turf Moor,Head-to-Head,,,,,,,
12.0,Sat,2025-11-22,15:00,Bournemouth,West Ham,Vitality Stadium,Head-to-Head,,,,,,,
12.0,Sat,2025-11-22,15:00,Fulham,Sunderland,Craven Cottage,Head-to-Head,,,,,,,
12.0,Sat,2025-11-22,15:00,Wolves,Crystal Palace,Molineux Stadium,Head-to-Head,https://fbref.com/en/matches/0e30cf4b/Tottenham-Hotspur-Bournemouth-August-30-2025-Premier-League,,,,,,
12.0,Sat,2025-11-22,15:00,Liverpool,Nott'ham Forest,Anfield,Head-to-Head,,,,,,,
12.0,Sat,2025-11-22,15:00,Brighton,Brentford,The American Express Stadium,Head-to-Head,,,,,,,
12.0,Sat,2025-11-22,17:30,Newcastle Utd,Manchester City,St James' Park,Head-to-Head,,,,,,,
12.0,Sun,2025-11-23,14:00,Leeds United,Aston Villa,Elland Road,Head-to-Head,,,,,,,
12.0,Sun,2025-11-23,16:30,Arsenal,Tottenham,Emirates Stadium,Head-to-Head,https://fbref.com/en/matches/bc110e0b/Leeds-United-Newcastle-United-August-30-2025-Premier-League,,,,,,
12.0,Mon,2025-11-24,20:00,Manchester Utd,Everton,Old Trafford,Head-to-Head,,,,,,,
13.0,Sat,2025-11-29,15:00,Sunderland,Bournemouth,Stadium of Light,Head-to-Head,,,,,,,
13.0,Sat,2025-11-29,15:00,Brentford,Burnley,Gtech Community Stadium,Head-to-Head,,,,,,,
13.0,Sat,2025-11-29,15:00,Manchester City,Leeds United,Etihad Stadium,Head-to-Head,https://fbref.com/en/matches/299beb27/Nottingham-Forest-West-Ham-United-August-31-2025-Premier-League,,,,,,
13.0,Sat,2025-11-29,17:30,Everton,Newcastle Utd,Hill Dickinson Stadium,Head-to-Head,,,,,,,
13.0,Sat,2025-11-29,20:00,Tottenham,Fulham,Tottenham Hotspur Stadium,Head-to-Head,,,,,,,
13.0,Sun,2025-11-30,12:00,Crystal Palace,Manchester Utd,Selhurst Park,Head-to-Head,,,,,,,
13.0,Sun,2025-11-30,14:05,Nott'ham Forest,Brighton,The City Ground,Head-to-Head,,,,,,,
13.0,Sun,2025-11-30,14:05,Aston Villa,Wolves,Villa Park,Head-to-Head,https://fbref.com/en/matches/810d81e7/Brighton-and-Hove-Albion-Manchester-City-August-31-2025-Premier-League,,,,,,
13.0,Sun,2025-11-30,14:05,West Ham,Liverpool,London Stadium,Head-to-Head,,,,,,,
13.0,Sun,2025-11-30,16:30,Chelsea,Arsenal,Stamford Bridge,Head-to-Head,,,,,,,
14.0,Tue,2025-12-02,19:30,Bournemouth,Everton,Vitality Stadium,Head-to-Head,,,,,,,
14.0,Tue,2025-12-02,19:30,Fulham,Manchester City,Craven Cottage,Head-to-Head,https://fbref.com/en/matches/b0005978/Liverpool-Arsenal-August-31-2025-Premier-League,,,,,,
14.0,Tue,2025-12-02,20:15,Newcastle Utd,Tottenham,St James' Park,Head-to-Head,,,,,,,
14.0,Wed,2025-12-03,19:30,Burnley,Crystal Palace,Turf Moor,Head-to-Head,,,,,,,
14.0,Wed,2025-12-03,19:30,Arsenal,Brentford,Emirates Stadium,Head-to-Head,,,,,,,
14.0,Wed,2025-12-03,19:30,Wolves,Nott'ham Forest,Molineux Stadium,Head-to-Head,,,,,,,
14.0,Wed,2025-12-03,19:30,Brighton,Aston Villa,The American Express Stadium,Head-to-Head,https://fbref.com/en/matches/cd51ed93/Aston-Villa-Crystal-Palace-August-31-2025-Premier-League,,,,,,
14.0,Wed,2025-12-03,20:15,Liverpool,Sunderland,Anfield,Head-to-Head,,,,,,,
14.0,Wed,2025-12-03,20:15,Leeds United,Chelsea,Elland Road,Head-to-Head,,,,,,,
14.0,Thu,2025-12-04,20:00,Manchester Utd,West Ham,Old Trafford,Head-to-Head,,,,,,,
15.0,Sat,2025-12-06,12:30,Aston Villa,Arsenal,Villa Park,Head-to-Head,https://fbref.com/en/matches/4fe3e679/Arsenal-Nottingham-Forest-September-13-2025-Premier-League,,,,,,
15.0,Sat,2025-12-06,15:00,Newcastle Utd,Burnley,St James' Park,Head-to-Head,,,,,,,
15.0,Sat,2025-12-06,15:00,Manchester City,Sunderland,Etihad Stadium,Head-to-Head,,,,,,,
15.0,Sat,2025-12-06,15:00,Tottenham,Brentford,Tottenham Hotspur Stadium,Head-to-Head,,,,,,,
15.0,Sat,2025-12-06,15:00,Everton,Nott'ham Forest,Hill Dickinson Stadium,Head-to-Head,,,,,,,
15.0,Sat,2025-12-06,15:00,Bournemouth,Chelsea,Vitality Stadium,Head-to-Head,https://fbref.com/en/matches/55fbbbe6/Newcastle-United-Wolverhampton-Wanderers-September-13-2025-Premier-League,,,,,,
15.0,Sat,2025-12-06,17:30,Leeds United,Liverpool,Elland Road,Head-to-Head,,,,,,,
15.0,Sun,2025-12-07,14:00,Brighton,West Ham,The American Express Stadium,Head-to-Head,,,,,,,
15.0,Sun,2025-12-07,16:30,Fulham,Crystal Palace,Craven Cottage,Head-to-Head,,,,,,,
15.0,Mon,2025-12-08,20:00,Wolves,Manchester Utd,Molineux Stadium,Head-to-Head,,,,,,,
16.0,Sat,2025-12-13,15:00,Chelsea,Everton,Stamford Bridge,Head-to-Head,,,,,,,
16.0,Sat,2025-12-13,15:00,Liverpool,Brighton,Anfield,Head-to-Head,,,,,,,
16.0,Sat,2025-12-13,17:30,Burnley,Fulham,Turf Moor,Head-to-Head,,,,,,,
16.0,Sat,2025-12-13,20:00,Arsenal,Wolves,Emirates Stadium,Head-to-Head,,,,,,,
16.0,Sun,2025-12-14,14:00,Nott'ham Forest,Tottenham,The City Ground,Head-to-Head,https://fbref.com/en/matches/e3cade07/Crystal-Palace-Sunderland-September-13-2025-Premier-League,,,,,,
16.0,Sun,2025-12-14,14:00,West Ham,Aston Villa,London Stadium,Head-to-Head,,,,,,,
16.0,Sun,2025-12-14,14:00,Crystal Palace,Manchester City,Selhurst Park,Head-to-Head,,,,,,,
16.0,Sun,2025-12-14,14:00,Sunderland,Newcastle Utd,Stadium of Light,Head-to-Head,,,,,,,
16.0,Sun,2025-12-14,16:30,Brentford,Leeds United,Gtech Community Stadium,Head-to-Head,,,,,,,
16.0,Mon,2025-12-15,20:00,Manchester Utd,Bournemouth,Old Trafford,Head-to-Head,https://fbref.com/en/matches/a624dc89/Everton-Aston-Villa-September-13-2025-Premier-League,,,,,,
17.0,Sat,2025-12-20,12:30,Newcastle Utd,Chelsea,St James' Park,Head-to-Head,,,,,,,
17.0,Sat,2025-12-20,15:00,Bournemouth,Burnley,Vitality Stadium,Head-to-Head,,,,,,,
17.0,Sat,2025-12-20,15:00,Brighton,Sunderland,The American Express Stadium,Head-to-Head,,,,,,,
17.0,Sat,2025-12-20,15:00,Manchester City,West Ham,Etihad Stadium,Head-to-Head,https://fbref.com/en/matches/8398bbef/Bournemouth-Brighton-and-Hove-Albion-September-13-2025-Premier-League,,,,,,
17.0,Sat,2025-12-20,15:00,Wolves,Brentford,Molineux Stadium,Head-to-Head,,,,,,,
17.0,Sat,2025-12-20,17:30,Tottenham,Liverpool,Tottenham Hotspur Stadium,Head-to-Head,,,,,,,
17.0,Sun,2025-12-21,14:00,Leeds United,Crystal Palace,Elland Road,Head-to-Head,,,,,,,
17.0,Sun,2025-12-21,14:00,Everton,Arsenal,Hill Dickinson Stadium,Head-to-Head,,,,,,,
17.0,Sun,2025-12-21,16:30,Aston Villa,Manchester Utd,Villa Park,Head-to-Head,https://fbref.com/en/matches/86c7261a/West-Ham-United-Tottenham-Hotspur-September-13-2025-Premier-League,,,,,,
17.0,Mon,2025-12-22,20:00,Fulham,Nott'ham Forest,Craven Cottage,Head-to-Head,,,,,,,
18.0,Fri,2025-12-26,20:00,Manchester Utd,Newcastle Utd,Old Trafford,Head-to-Head,,,,,,,
18.0,Sat,2025-12-27,12:30,Nott'ham Forest,Manchester City,The City Ground,Head-to-Head,,,,,,,
18.0,Sat,2025-12-27,15:00,Liverpool,Wolves,Anfield,Head-to-Head,https://fbref.com/en/matches/d8104c65/Brentford-Chelsea-September-13-2025-Premier-League,,,,,,
18.0,Sat,2025-12-27,15:00,Burnley,Everton,Turf Moor,Head-to-Head,,,,,,,
18.0,Sat,2025-12-27,15:00,Arsenal,Brighton,Emirates Stadium,Head-to-Head,,,,,,,
18.0,Sat,2025-12-27,15:00,Brentford,Bournemouth,Gtech Community Stadium,Head-to-Head,,,,,,,
18.0,Sat,2025-12-27,15:00,West Ham,Fulham,London Stadium,Head-to-Head,,,,,,,
18.0,Sat,2025-12-27,17:30,Chelsea,Aston Villa,Stamford Bridge,Head-to-Head,https://fbref.com/en/matches/fed27aaa/Burnley-Liverpool-September-14-2025-Premier-League,,,,,,
18.0,Sun,2025-12-28,14:00,Sunderland,Leeds United,Stadium of Light,Head-to-Head,,,,,,,
18.0,Sun,2025-12-28,16:30,Crystal Palace,Tottenham,Selhurst Park,Head-to-Head,,,,,,,
19.0,Tue,2025-12-30,19:30,Nott'ham Forest,Everton,The City Ground,Head-to-Head,,,,,,,
19.0,Tue,2025-12-30,19:30,West Ham,Brighton,London Stadium,Head-to-Head,https://fbref.com/en/matches/f2b1061a/Manchester-Derby-Manchester-City-Manchester-United-September-14-2025-Premier-League,,,,,,
19.0,Tue,2025-12-30,19:30,Burnley,Newcastle Utd,Turf Moor,Head-to-Head,,,,,,,
19.0,Tue,2025-12-30,19:30,Chelsea,Bournemouth,Stamford Bridge,Head-to-Head,,,,,,,
19.0,Tue,2025-12-30,20:15,Manchester Utd,Wolves,Old Trafford,Head-to-Head,,,,,,,
19.0,Tue,2025-12-30,20:15,Arsenal,Aston Villa,Emirates Stadium,Head-to-Head,,,,,,,
19.0,Thu,2026-01-01,17:30,Liverpool,Leeds United,Anfield,Head-to-Head,https://fbref.com/en/matches/5da72d0e/Merseyside-Derby-Liverpool-Everton-September-20-2025-Premier-League,,,,,,
19.0,Thu,2026-01-01,17:30,Crystal Palace,Fulham,Selhurst Park,Head-to-Head,,,,,,,
19.0,Thu,2026-01-01,20:00,Sunderland,Manchester City,Stadium of Light,Head-to-Head,,,,,,,
19.0,Thu,2026-01-01,20:00,Brentford,Tottenham,Gtech Community Stadium,Head-to-Head,,,,,,,
20.0,Sat,2026-01-03,12:30,Aston Villa,Nott'ham Forest,Villa Park,Head-to-Head,https://fbref.com/en/matches/45650a33/Wolverhampton-Wanderers-Leeds-United-September-20-2025-Premier-League,,,,,,
20.0,Sat,2026-01-03,15:00,Wolves,West Ham,Molineux Stadium,Head-to-Head,,,,,,,
20.0,Sat,2026-01-03,15:00,Brighton,Burnley,The American Express Stadium,Head-to-Head,,,,,,,
20.0,Sat,2026-01-03,17:30,Bournemouth,Arsenal,Vitality Stadium,Head-to-Head,,,,,,,
20.0,Sun,2026-01-04,12:30,Leeds United,Manchester Utd,Elland Road,Head-to-Head,,,,,,,
20.0,Sun,2026-01-04,15:00,Newcastle Utd,Crystal Palace,St James' Park,Head-to-Head,https://fbref.com/en/matches/fa03feeb/Brighton-and-Hove-Albion-Tottenham-Hotspur-September-20-2025-Premier-League,,,,,,
20.0,Sun,2026-01-04,15:00,Tottenham,Sunderland,Tottenham Hotspur Stadium,Head-to-Head,,,,,,,
20.0,Sun,2026-01-04,15:00,Fulham,Liverpool,Craven Cottage,Head-to-Head,,,,,,,
20.0,Sun,2026-01-04,15:00,Everton,Brentford,Hill Dickinson Stadium,Head-to-Head,,,,,,,
20.0,Sun,2026-01-04,17:30,Manchester City,Chelsea,Etihad Stadium,Head-to-Head,,,,,,,
21.0,Tue,2026-01-06,20:00,West Ham,Nott'ham Forest,London Stadium,Head-to-Head,,,,,,,
21.0,Wed,2026-01-07,19:30,Brentford,Sunderland,Gtech Community Stadium,Head-to-Head,,,,,,,
21.0,Wed,2026-01-07,19:30,Bournemouth,Tottenham,Vitality Stadium,Head-to-Head,,,,,,,
21.0,Wed,2026-01-07,19:30,Everton,Wolves,Hill Dickinson Stadium,Head-to-Head,,,,,,,
21.0,Wed,2026-01-07,19:30,Crystal Palace,Aston Villa,Selhurst Park,Head-to-Head,https://fbref.com/en/matches/15b707b3/West-Ham-United-Crystal-Palace-September-20-2025-Premier-League,,,,,,
21.0,Wed,2026-01-07,19:30,Manchester City,Brighton,Etihad Stadium,Head-to-Head,,,,,,,
21.0,Wed,2026-01-07,19:30,Fulham,Chelsea,Craven Cottage,Head-to-Head,,,,,,,
21.0,Wed,2026-01-07,20:15,Burnley,Manchester Utd,Turf Moor,Head-to-Head,,,,,,,
21.0,Wed,2026-01-07,20:15,Newcastle Utd,Leeds United,St James' Park,Head-to-Head,,,,,,,
21.0,Thu,2026-01-08,20:00,Arsenal,Liverpool,Emirates Stadium,Head-to-Head,https://fbref.com/en/matches/a562da13/Manchester-United-Chelsea-September-20-2025-Premier-League,,,,,,
22.0,Sat,2026-01-17,15:00,Brighton,Bournemouth,The American Express Stadium,Head-to-Head,,,,,,,
22.0,Sat,2026-01-17,15:00,Aston Villa,Everton,Villa Park,Head-to-Head,,,,,,,
22.0,Sat,2026-01-17,15:00,Nott'ham Forest,Arsenal,The City Ground,Head-to-Head,,,,,,,
22.0,Sat,2026-01-17,15:00,Manchester Utd,Manchester City,Old Trafford,Head-to-Head,https://fbref.com/en/matches/295b388b/Fulham-Brentford-September-20-2025-Premier-League,,,,,,
22.0,Sat,2026-01-17,15:00,Liverpool,Burnley,Anfield,Head-to-Head,,,,,,,
22.0,Sat,2026-01-17,15:00,Leeds United,Fulham,Elland Road,Head-to-Head,,,,,,,
22.0,Sat,2026-01-17,15:00,Wolves,Newcastle Utd,Molineux Stadium,Head-to-Head,,,,,,,
22.0,Sat,2026-01-17,15:00,Sunderland,Crystal Palace,Stadium of Light,Head-to-Head,,,,,,,
22.0,Sat,2026-01-17,15:00,Chelsea,Brentford,Stamford Bridge,Head-to-Head,https://fbref.com/en/matches/f55b1b65/Bournemouth-Newcastle-United-September-21-2025-Premier-League,,,,,,
22.0,Sat,2026-01-17,15:00,Tottenham,West Ham,Tottenham Hotspur Stadium,Head-to-Head,,,,,,,
23.0,Sat,2026-01-24,15:00,Brentford,Nott'ham Forest,Gtech Community Stadium,Head-to-Head,,,,,,,
23.0,Sat,2026-01-24,15:00,Newcastle Utd,Aston Villa,St James' Park,Head-to-Head,,,,,,,
23.0,Sat,2026-01-24,15:00,Bournemouth,Liverpool,Vitality Stadium,Head-to-Head,https://fbref.com/en/matches/4e615d10/Sunderland-Aston-Villa-September-21-2025-Premier-League,,,,,,
23.0,Sat,2026-01-24,15:00,Fulham,Brighton,Craven Cottage,Head-to-Head,,,,,,,
23.0,Sat,2026-01-24,15:00,Arsenal,Manchester Utd,Emirates Stadium,Head-to-Head,,,,,,,
23.0,Sat,2026-01-24,15:00,Manchester City,Wolves,Etihad Stadium,Head-to-Head,,,,,,,
23.0,Sat,2026-01-24,15:00,Burnley,Tottenham,Turf Moor,Head-to-Head,,,,,,,
23.0,Sat,2026-01-24,15:00,Everton,Leeds United,Hill Dickinson Stadium,Head-to-Head,https://fbref.com/en/matches/2045939c/Arsenal-Manchester-City-September-21-2025-Premier-League,,,,,,
23.0,Sat,2026-01-24,15:00,West Ham,Sunderland,London Stadium,Head-to-Head,,,,,,,
23.0,Sat,2026-01-24,15:00,Crystal Palace,Chelsea,Selhurst Park,Head-to-Head,,,,,,,
24.0,Sat,2026-01-31,15:00,Aston Villa,Brentford,Villa Park,Head-to-Head,,,,,,,
24.0,Sat,2026-01-31,15:00,Chelsea,West Ham,Stamford Bridge,Head-to-Head,https://fbref.com/en/matches/f96a49ea/Brentford-Manchester-United-September-27-2025-Premier-League,,,,,,
24.0,Sat,2026-01-31,15:00,Sunderland,Burnley,Stadium of Light,Head-to-Head,,,,,,,
24.0,Sat,2026-01-31,15:00,Brighton,Everton,The American Express Stadium,Head-to-Head,,,,,,,
24.0,Sat,2026-01-31,15:00,Leeds United,Arsenal,Elland Road,Head-to-Head,,,,,,,
24.0,Sat,2026-01-31,15:00,Wolves,Bournemouth,Molineux Stadium,Head-to-Head,,,,,,,
24.0,Sat,2026-01-31,15:00,Liverpool,Newcastle Utd,Anfield,Head-to-Head,https://fbref.com/en/matches/8a5edb7f/Crystal-Palace-Liverpool-September-27-2025-Premier-League,,,,,,
24.0,Sat,2026-01-31,15:00,Manchester Utd,Fulham,Old Trafford,Head-to-Head,,,,,,,
24.0,Sat,2026-01-31,15:00,Tottenham,Manchester City,Tottenham Hotspur Stadium,Head-to-Head,,,,,,,
24.0,Sat,2026-01-31,15:00,Nott'ham Forest,Crystal Palace,The City Ground,Head-to-Head,,,,,,,
25.0,Sat,2026-02-07,15:00,Bournemouth,Aston Villa,Vitality Stadium,Head-to-Head,https://fbref.com/en/matches/53db8cb5/Manchester-City-Burnley-September-27-2025-Premier-League,,,,,,
25.0,Sat,2026-02-07,15:00,Wolves,Chelsea,Molineux Stadium,Head-to-Head,,,,,,,
25.0,Sat,2026-02-07,15:00,Arsenal,Sunderland,Emirates Stadium,Head-to-Head,,,,,,,
25.0,Sat,2026-02-07,15:00,Manchester Utd,Tottenham,Old Trafford,Head-to-Head,,,,,,,
25.0,Sat,2026-02-07,15:00,Leeds United,Nott'ham Forest,Elland Road,Head-to-Head,,,,,,,
25.0,Sat,2026-02-07,15:00,Brighton,Crystal Palace,The American Express Stadium,Head-to-Head,https://fbref.com/en/matches/b3a3df9a/Chelsea-Brighton-and-Hove-Albion-September-27-2025-Premier-League,,,,,,
25.0,Sat,2026-02-07,15:00,Burnley,West Ham,Turf Moor,Head-to-Head,,,,,,,
25.0,Sat,2026-02-07,15:00,Liverpool,Manchester City,Anfield,Head-to-Head,,,,,,,
25.0,Sat,2026-02-07,15:00,Newcastle Utd,Brentford,St James' Park,Head-to-Head,,,,,,,
25.0,Sat,2026-02-07,15:00,Fulham,Everton,Craven Cottage,Head-to-Head,,,,,,,
26.0,Wed,2026-02-11,20:00,Tottenham,Newcastle Utd,Tottenham Hotspur Stadium,Head-to-Head,,,,,,,
26.0,Wed,2026-02-11,20:00,West Ham,Manchester Utd,London Stadium,Head-to-Head,,,,,,,
26.0,Wed,2026-02-11,20:00,Nott'ham Forest,Wolves,The City Ground,Head-to-Head,,,,,,,
26.0,Wed,2026-02-11,20:00,Manchester City,Fulham,Etihad Stadium,Head-to-Head,,,,,,,
26.0,Wed,2026-02-11,20:00,Crystal Palace,Burnley,Selhurst Park,Head-to-Head,https://fbref.com/en/matches/78970349/Nottingham-Forest-Sunderland-September-27-2025-Premier-League,,,,,,
26.0,Wed,2026-02-11,20:00,Aston Villa,Brighton,Villa Park,Head-to-Head,,,,,,,
26.0,Wed,2026-02-11,20:00,Chelsea,Leeds United,Stamford Bridge,Head-to-Head,,,,,,,
26.0,Wed,2026-02-11,20:00,Sunderland,Liverpool,Stadium of Light,Head-to-Head,,,,,,,
26.0,Wed,2026-02-11,20:00,Everton,Bournemouth,Hill Dickinson Stadium,Head-to-Head,,,,,,,
26.0,Wed,2026-02-11,20:00,Brentford,Arsenal,Gtech Community Stadium,Head-to-Head,https://fbref.com/en/matches/116cff7d/Tottenham-Hotspur-Wolverhampton-Wanderers-September-27-2025-Premier-League,,,,,,
27.0,Sat,2026-02-21,15:00,Sunderland,Fulham,Stadium of Light,Head-to-Head,,,,,,,
27.0,Sat,2026-02-21,15:00,Aston Villa,Leeds United,Villa Park,Head-to-Head,,,,,,,
27.0,Sat,2026-02-21,15:00,Everton,Manchester Utd,Hill Dickinson Stadium,Head-to-Head,,,,,,,
27.0,Sat,2026-02-21,15:00,Chelsea,Burnley,Stamford Bridge,Head-to-Head,https://fbref.com/en/matches/7345f259/Aston-Villa-Fulham-September-28-2025-Premier-League,,,,,,
27.0,Sat,2026-02-21,15:00,Manchester City,Newcastle Utd,Etihad Stadium,Head-to-Head,,,,,,,
27.0,Sat,2026-02-21,15:00,Crystal Palace,Wolves,Selhurst Park,Head-to-Head,,,,,,,
27.0,Sat,2026-02-21,15:00,West Ham,Bournemouth,London Stadium,Head-to-Head,,,,,,,
27.0,Sat,2026-02-21,15:00,Nott'ham Forest,Liverpool,The City Ground,Head-to-Head,,,,,,,
27.0,Sat,2026-02-21,15:00,Tottenham,Arsenal,Tottenham Hotspur Stadium,Head-to-Head,https://fbref.com/en/matches/e851cb5c/Newcastle-United-Arsenal-September-28-2025-Premier-League,,,,,,
27.0,Sat,2026-02-21,15:00,Brentford,Brighton,Gtech Community Stadium,Head-to-Head,,,,,,,
28.0,Sat,2026-02-28,15:00,Newcastle Utd,Everton,St James' Park,Head-to-Head,,,,,,,
28.0,Sat,2026-02-28,15:00,Manchester Utd,Crystal Palace,Old Trafford,Head-to-Head,,,,,,,
28.0,Sat,2026-02-28,15:00,Fulham,Tottenham,Craven Cottage,Head-to-Head,https://fbref.com/en/matches/1163f46d/Everton-West-Ham-United-September-29-2025-Premier-League,,,,,,
28.0,Sat,2026-02-28,15:00,Leeds United,Manchester City,Elland Road,Head-to-Head,,,,,,,
28.0,Sat,2026-02-28,15:00,Burnley,Brentford,Turf Moor,Head-to-Head,,,,,,,
28.0,Sat,2026-02-28,15:00,Brighton,Nott'ham Forest,The American Express Stadium,Head-to-Head,,,,,,,
28.0,Sat,2026-02-28,15:00,Wolves,Aston Villa,Molineux Stadium,Head-to-Head,,,,,,,
28.0,Sat,2026-02-28,15:00,Arsenal,Chelsea,Emirates Stadium,Head-to-Head,https://fbref.com/en/matches/200f4acc/Bournemouth-Fulham-October-3-2025-Premier-League,,,,,,
28.0,Sat,2026-02-28,15:00,Liverpool,West Ham,Anfield,Head-to-Head,,,,,,,
28.0,Sat,2026-02-28,15:00,Bournemouth,Sunderland,Vitality Stadium,Head-to-Head,,,,,,,
29.0,Wed,2026-03-04,20:00,Brighton,Arsenal,The American Express Stadium,Head-to-Head,,,,,,,
29.0,Wed,2026-03-04,20:00,Everton,Burnley,Hill Dickinson Stadium,Head-to-Head,https://fbref.com/en/matches/3e588df8/Leeds-United-Tottenham-Hotspur-October-4-2025-Premier-League,,,,,,
29.0,Wed,2026-03-04,20:00,Wolves,Liverpool,Molineux Stadium,Head-to-Head,,,,,,,
29.0,Wed,2026-03-04,20:00,Newcastle Utd,Manchester Utd,St James' Park,Head-to-Head,,,,,,,
29.0,Wed,2026-03-04,20:00,Bournemouth,Brentford,Vitality Stadium,Head-to-Head,,,,,,,
29.0,Wed,2026-03-04,20:00,Tottenham,Crystal Palace,Tottenham Hotspur Stadium,Head-to-Head,,,,,,,
29.0,Wed,2026-03-04,20:00,Aston Villa,Chelsea,Villa Park,Head-to-Head,https://fbref.com/en/matches/266bddc6/Arsenal-West-Ham-United-October-4-2025-Premier-League,,,,,,
29.0,Wed,2026-03-04,20:00,Manchester City,Nott'ham Forest,Etihad Stadium,Head-to-Head,,,,,,,
29.0,Wed,2026-03-04,20:00,Fulham,West Ham,Craven Cottage,Head-to-Head,,,,,,,
29.0,Wed,2026-03-04,20:00,Leeds United,Sunderland,Elland Road,Head-to-Head,,,,,,,
30.0,Sat,2026-03-14,15:00,Arsenal,Everton,Emirates Stadium,Head-to-Head,https://fbref.com/en/matches/e33ea33d/Manchester-United-Sunderland-October-4-2025-Premier-League,,,,,,
30.0,Sat,2026-03-14,15:00,Brentford,Wolves,Gtech Community Stadium,Head-to-Head,,,,,,,
30.0,Sat,2026-03-14,15:00,Chelsea,Newcastle Utd,Stamford Bridge,Head-to-Head,,,,,,,
30.0,Sat,2026-03-14,15:00,West Ham,Manchester City,London Stadium,Head-to-Head,,,,,,,
30.0,Sat,2026-03-14,15:00,Liverpool,Tottenham,Anfield,Head-to-Head,,,,,,,
30.0,Sat,2026-03-14,15:00,Sunderland,Brighton,Stadium of Light,Head-to-Head,https://fbref.com/en/matches/780d534e/Chelsea-Liverpool-October-4-2025-Premier-League,,,,,,
30.0,Sat,2026-03-14,15:00,Nott'ham Forest,Fulham,The City Ground,Head-to-Head,,,,,,,
30.0,Sat,2026-03-14,15:00,Crystal Palace,Leeds United,Selhurst Park,Head-to-Head,,,,,,,
30.0,Sat,2026-03-14,15:00,Manchester Utd,Aston Villa,Old Trafford,Head-to-Head,,,,,,,
30.0,Sat,2026-03-14,15:00,Burnley,Bournemouth,Turf Moor,Head-to-Head,,,,,,,
31.0,Sat,2026-03-21,15:00,Aston Villa,West Ham,Villa Park,Head-to-Head,,,,,,,
31.0,Sat,2026-03-21,15:00,Fulham,Burnley,Craven Cottage,Head-to-Head,,,,,,,
31.0,Sat,2026-03-21,15:00,Leeds United,Brentford,Elland Road,Head-to-Head,,,,,,,
31.0,Sat,2026-03-21,15:00,Tottenham,Nott'ham Forest,Tottenham Hotspur Stadium,Head-to-Head,,,,,,,
31.0,Sat,2026-03-21,15:00,Brighton,Liverpool,The American Express Stadium,Head-to-Head,https://fbref.com/en/matches/88e53add/Everton-Crystal-Palace-October-5-2025-Premier-League,,,,,,
31.0,Sat,2026-03-21,15:00,Newcastle Utd,Sunderland,St James' Park,Head-to-Head,,,,,,,
31.0,Sat,2026-03-21,15:00,Manchester City,Crystal Palace,Etihad Stadium,Head-to-Head,,,,,,,
31.0,Sat,2026-03-21,15:00,Wolves,Arsenal,Molineux Stadium,Head-to-Head,,,,,,,
31.0,Sat,2026-03-21,15:00,Bournemouth,Manchester Utd,Vitality Stadium,Head-to-Head,,,,,,,
31.0,Sat,2026-03-21,15:00,Everton,Chelsea,Hill Dickinson Stadium,Head-to-Head,https://fbref.com/en/matches/db870461/Aston-Villa-Burnley-October-5-2025-Premier-League,,,,,,
32.0,Sat,2026-04-11,15:00,Liverpool,Fulham,Anfield,Head-to-Head,,,,,,,
32.0,Sat,2026-04-11,15:00,Brentford,Everton,Gtech Community Stadium,Head-to-Head,,,,,,,
32.0,Sat,2026-04-11,15:00,Sunderland,Tottenham,Stadium of Light,Head-to-Head,,,,,,,
32.0,Sat,2026-04-11,15:00,West Ham,Wolves,London Stadium,Head-to-Head,https://fbref.com/en/matches/e33f1657/Newcastle-United-Nottingham-Forest-October-5-2025-Premier-League,,,,,,
32.0,Sat,2026-04-11,15:00,Crystal Palace,Newcastle Utd,Selhurst Park,Head-to-Head,,,,,,,
32.0,Sat,2026-04-11,15:00,Burnley,Brighton,Turf Moor,Head-to-Head,,,,,,,
32.0,Sat,2026-04-11,15:00,Nott'ham Forest,Aston Villa,The City Ground,Head-to-Head,,,,,,,
32.0,Sat,2026-04-11,15:00,Arsenal,Bournemouth,Emirates Stadium,Head-to-Head,,,,,,,
32.0,Sat,2026-04-11,15:00,Chelsea,Manchester City,Stamford Bridge,Head-to-Head,https://fbref.com/en/matches/8c0ee359/Brentford-Manchester-City-October-5-2025-Premier-League,,,,,,
32.0,Sat,2026-04-11,15:00,Manchester Utd,Leeds United,Old Trafford,Head-to-Head,,,,,,,
33.0,Sat,2026-04-18,15:00,Brentford,Fulham,Gtech Community Stadium,Head-to-Head,,,,,,,
33.0,Sat,2026-04-18,15:00,Crystal Palace,West Ham,Selhurst Park,Head-to-Head,,,,,,,
33.0,Sat,2026-04-18,15:00,Leeds United,Wolves,Elland Road,Head-to-Head,https://fbref.com/en/matches/b3ac7e40/Nottingham-Forest-Chelsea-October-18-2025-Premier-League,,,,,,
33.0,Sat,2026-04-18,15:00,Everton,Liverpool,Hill Dickinson Stadium,Head-to-Head,,,,,,,
33.0,Sat,2026-04-18,15:00,Newcastle Utd,Bournemouth,St James' Park,Head-to-Head,,,,,,,
33.0,Sat,2026-04-18,15:00,Chelsea,Manchester Utd,Stamford Bridge,Head-to-Head,,,,,,,
33.0,Sat,2026-04-18,15:00,Tottenham,Brighton,Tottenham Hotspur Stadium,Head-to-Head,,,,,,,
33.0,Sat,2026-04-18,15:00,Nott'ham Forest,Burnley,The City Ground,Head-to-Head,https://fbref.com/en/matches/fe212874/Sunderland-Wolverhampton-Wanderers-October-18-2025-Premier-League,,,,,,
33.0,Sat,2026-04-18,15:00,Manchester City,Arsenal,Etihad Stadium,Head-to-Head,,,,,,,
33.0,Sat,2026-04-18,15:00,Aston Villa,Sunderland,Villa Park,Head-to-Head,,,,,,,
34.0,Sat,2026-04-25,15:00,Arsenal,Newcastle Utd,Emirates Stadium,Head-to-Head,,,,,,,
34.0,Sat,2026-04-25,15:00,Fulham,Aston Villa,Craven Cottage,Head-to-Head,https://fbref.com/en/matches/a31356f3/Burnley-Leeds-United-October-18-2025-Premier-League,,,,,,
34.0,Sat,2026-04-25,15:00,Liverpool,Crystal Palace,Anfield,Head-to-Head,,,,,,,
34.0,Sat,2026-04-25,15:00,West Ham,Everton,London Stadium,Head-to-Head,,,,,,,
34.0,Sat,2026-04-25,15:00,Brighton,Chelsea,The American Express Stadium,Head-to-Head,,,,,,,
34.0,Sat,2026-04-25,15:00,Wolves,Tottenham,Molineux Stadium,Head-to-Head,,,,,,,
34.0,Sat,2026-04-25,15:00,Sunderland,Nott'ham Forest,Stadium of Light,Head-to-Head,https://fbref.com/en/matches/7c25388b/Brighton-and-Hove-Albion-Newcastle-United-October-18-2025-Premier-League,,,,,,
34.0,Sat,2026-04-25,15:00,Manchester Utd,Brentford,Old Trafford,Head-to-Head,,,,,,,
34.0,Sat,2026-04-25,15:00,Burnley,Manchester City,Turf Moor,Head-to-Head,,,,,,,
34.0,Sat,2026-04-25,15:00,Bournemouth,Leeds United,Vitality Stadium,Head-to-Head,,,,,,,
35.0,Sat,2026-05-02,15:00,Brentford,West Ham,Gtech Community Stadium,Head-to-Head,https://fbref.com/en/matches/7a0ab06b/Crystal-Palace-Bournemouth-October-18-2025-Premier-League,,,,,,
35.0,Sat,2026-05-02,15:00,Bournemouth,Crystal Palace,Vitality Stadium,Head-to-Head,,,,,,,
35.0,Sat,2026-05-02,15:00,Manchester Utd,Liverpool,Old Trafford,Head-to-Head,,,,,,,
35.0,Sat,2026-05-02,15:00,Leeds United,Burnley,Elland Road,Head-to-Head,,,,,,,
35.0,Sat,2026-05-02,15:00,Chelsea,Nott'ham Forest,Stamford Bridge,Head-to-Head,,,,,,,
35.0,Sat,2026-05-02,15:00,Wolves,Sunderland,Molineux Stadium,Head-to-Head,https://fbref.com/en/matches/1340e41a/Manchester-City-Everton-October-18-2025-Premier-League,,,,,,
35.0,Sat,2026-05-02,15:00,Everton,Manchester City,Hill Dickinson Stadium,Head-to-Head,,,,,,,
35.0,Sat,2026-05-02,15:00,Arsenal,Fulham,Emirates Stadium,Head-to-Head,,,,,,,
35.0,Sat,2026-05-02,15:00,Aston Villa,Tottenham,Villa Park,Head-to-Head,,,,,,,
35.0,Sat,2026-05-02,15:00,Newcastle Utd,Brighton,St James' Park,Head-to-Head,,,,,,,
36.0,Sat,2026-05-09,15:00,Manchester City,Brentford,Etihad Stadium,Head-to-Head,,,,,,,
36.0,Sat,2026-05-09,15:00,Nott'ham Forest,Newcastle Utd,The City Ground,Head-to-Head,,,,,,,
36.0,Sat,2026-05-09,15:00,Crystal Palace,Everton,Selhurst Park,Head-to-Head,,,,,,,
36.0,Sat,2026-05-09,15:00,Brighton,Wolves,The American Express Stadium,Head-to-Head,,,,,,,
36.0,Sat,2026-05-09,15:00,Fulham,Bournemouth,Craven Cottage,Head-to-Head,https://fbref.com/en/matches/810c0cb9/Tottenham-Hotspur-Aston-Villa-October-19-2025-Premier-League,,,,,,
36.0,Sat,2026-05-09,15:00,Tottenham,Leeds United,Tottenham Hotspur Stadium,Head-to-Head,,,,,,,
36.0,Sat,2026-05-09,15:00,Sunderland,Manchester Utd,Stadium of Light,Head-to-Head,,,,,,,
36.0,Sat,2026-05-09,15:00,Burnley,Aston Villa,Turf Moor,Head-to-Head,,,,,,,
36.0,Sat,2026-05-09,15:00,West Ham,Arsenal,London Stadium,Head-to-Head,,,,,,,
36.0,Sat,2026-05-09,15:00,Liverpool,Chelsea,Anfield,Head-to-Head,https://fbref.com/en/matches/cbec79a5/North-West-Derby-Liverpool-Manchester-United-October-19-2025-Premier-League,,,,,,
37.0,Sun,2026-05-17,15:00,Manchester Utd,Nott'ham Forest,Old Trafford,Head-to-Head,,,,,,,
37.0,Sun,2026-05-17,15:00,Chelsea,Tottenham,Stamford Bridge,Head-to-Head,,,,,,,
37.0,Sun,2026-05-17,15:00,Arsenal,Burnley,Emirates Stadium,Head-to-Head,,,,,,,
37.0,Sun,2026-05-17,15:00,Newcastle Utd,West Ham,St James' Park,Head-to-Head,https://fbref.com/en/matches/3322a47b/West-Ham-United-Brentford-October-20-2025-Premier-League,,,,,,
37.0,Sun,2026-05-17,15:00,Everton,Sunderland,Hill Dickinson Stadium,Head-to-Head,,,,,,,
37.0,Sun,2026-05-17,15:00,Wolves,Fulham,Molineux Stadium,Head-to-Head,,,,,,,
37.0,Sun,2026-05-17,15:00,Bournemouth,Manchester City,Vitality Stadium,Head-to-Head,,,,,,,
37.0,Sun,2026-05-17,15:00,Aston Villa,Liverpool,Villa Park,Head-to-Head,,,,,,,
37.0,Sun,2026-05-17,15:00,Brentford,Crystal Palace,Gtech Community Stadium,Head-to-Head,https://fbref.com/en/matches/236e3e4c/Leeds-United-West-Ham-United-October-24-2025-Premier-League,,,,,,
37.0,Sun,2026-05-17,15:00,Leeds United,Brighton,Elland Road,Head-to-Head,,,,,,,
38.0,Sun,2026-05-24,16:00,West Ham,Leeds United,London Stadium,Head-to-Head,,,,,,,
38.0,Sun,2026-05-24,16:00,Burnley,Wolves,Turf Moor,Head-to-Head,,,,,,,
38.0,Sun,2026-05-24,16:00,Sunderland,Chelsea,Stadium of Light,Head-to-Head,https://fbref.com/en/matches/0f6b6849/Newcastle-United-Fulham-October-25-2025-Premier-League,,,,,,
38.0,Sun,2026-05-24,16:00,Nott'ham Forest,Bournemouth,The City Ground,Head-to-Head,,,,,,,
38.0,Sun,2026-05-24,16:00,Crystal Palace,Arsenal,Selhurst Park,Head-to-Head,,,,,,,
38.0,Sun,2026-05-24,16:00,Fulham,Newcastle Utd,Craven Cottage,Head-to-Head,,,,,,,
38.0,Sun,2026-05-24,16:00,Brighton,Manchester Utd,The American Express Stadium,Head-to-Head,,,,,,,
38.0,Sun,2026-05-24,16:00,Liverpool,Brentford,Anfield,Head-to-Head,https://fbref.com/en/matches/cfda878f/Chelsea-Sunderland-October-25-2025-Premier-League,,,,,,
38.0,Sun,2026-05-24,16:00,Tottenham,Everton,Tottenham Hotspur Stadium,Head-to-Head,,,,,,,
38.0,Sun,2026-05-24,16:00,Manchester City,Aston Villa,Etihad Stadium,Head-to-Head,,,,,,,
